id_number,name,obf_email
202869,Sabrina Sy,sabrina.sy@obf.ateneo.edu
204995,Martine Uysipuo,martine.uysipuo@obf.ateneo.edu
203897,Raelyn Go,raelyn.go@obf.ateneo.edu
200594,Zachariah Tate,zachariah.tate@obf.ateneo.edu
201168,Justus Mckay,justus.mckay@obf.ateneo.edu
206934,Gina Hester,gina.hester@obf.ateneo.edu
203875,Hannah Cross,hannah.cross@obf.ateneo.edu
209307,Aylin Manning,aylin.manning@obf.ateneo.edu
203763,Jair Yu,jair.yu@obf.ateneo.edu
201421,Triston Dougherty,triston.dougherty@obf.ateneo.edu
207999,Ellie Chavez,ellie.chavez@obf.ateneo.edu
200918,Immanuel Lutz,immanuel.lutz@obf.ateneo.edu
207172,Sherlyn Wheeler,sherlyn.wheeler@obf.ateneo.edu
208729,Marissa Thornton,marissa.thornton@obf.ateneo.edu
203209,Rigoberto Moyer,rigoberto.moyer@obf.ateneo.edu
206173,Johanna May,johanna.may@obf.ateneo.edu
205715,Jorge Arroyo,jorge.arroyo@obf.ateneo.edu
205313,Yoselin Jordan,yoselin.jordan@obf.ateneo.edu
202272,Denzel Contreras,denzel.contreras@obf.ateneo.edu
202748,Grayson Joyce,grayson.joyce@obf.ateneo.edu
201514,Maximo Garrett,maximo.garrett@obf.ateneo.edu
202817,Jaylene Randall,jaylene.randall@obf.ateneo.edu
205111,Tianna Mack,tianna.mack@obf.ateneo.edu
209209,Kamora Vargas,kamora.vargas@obf.ateneo.edu
201402,Quinn Lucero,quinn.lucero@obf.ateneo.edu
202381,Nigel Molina,nigel.molina@obf.ateneo.edu
206849,Rory Nguyen,rory.nguyen@obf.ateneo.edu
209767,Cora Howe,cora.howe@obf.ateneo.edu
206911,Athena Odom,athena.odom@obf.ateneo.edu
204210,Heidi Schmitt,heidi.schmitt@obf.ateneo.edu
206574,Abram Vaughn,abram.vaughn@obf.ateneo.edu
206320,Kaelyn Reyes,kaelyn.reyes@obf.ateneo.edu
208158,Zaire Arias,zaire.arias@obf.ateneo.edu
204296,Madyson Newman,madyson.newman@obf.ateneo.edu
201548,Baylee Kim,baylee.kim@obf.ateneo.edu
201426,Rogelio Graves,rogelio.graves@obf.ateneo.edu
207236,Jasmine Fisher,jasmine.fisher@obf.ateneo.edu
203967,Braylon Dudley,braylon.dudley@obf.ateneo.edu
201264,Vanessa Bernard,vanessa.bernard@obf.ateneo.edu
201559,Payton Fisher,payton.fisher@obf.ateneo.edu
208063,Caleb Walls,caleb.walls@obf.ateneo.edu
203174,Lailah Pennington,lailah.pennington@obf.ateneo.edu
207100,Priscilla Parks,priscilla.parks@obf.ateneo.edu
203556,Lilian Hawkins,lilian.hawkins@obf.ateneo.edu
206747,Cynthia Deleon,cynthia.deleon@obf.ateneo.edu
201461,Helena Ponce,helena.ponce@obf.ateneo.edu
205973,Mohammad Herrera,mohammad.herrera@obf.ateneo.edu
207515,Isabell Hensley,isabell.hensley@obf.ateneo.edu
204327,Layne Dunlap,layne.dunlap@obf.ateneo.edu
200643,Abraham Fernandez,abraham.fernandez@obf.ateneo.edu
207175,Kelvin Ho,kelvin.ho@obf.ateneo.edu
207767,Mitchell Rivas,mitchell.rivas@obf.ateneo.edu
201492,Braiden Bird,braiden.bird@obf.ateneo.edu
201670,Adison Nolan,adison.nolan@obf.ateneo.edu
202203,Sophie Molina,sophie.molina@obf.ateneo.edu
205670,Nico Lucas,nico.lucas@obf.ateneo.edu
205581,Anika Daugherty,anika.daugherty@obf.ateneo.edu
207907,Charlie Byrd,charlie.byrd@obf.ateneo.edu
204663,Pranav Conley,pranav.conley@obf.ateneo.edu
206865,Taryn Wise,taryn.wise@obf.ateneo.edu
207286,Bridger Floyd,bridger.floyd@obf.ateneo.edu
208320,Savanna Glover,savanna.glover@obf.ateneo.edu
204706,Shayla Benton,shayla.benton@obf.ateneo.edu
205035,Marquise Walter,marquise.walter@obf.ateneo.edu
207806,Jazmin Frost,jazmin.frost@obf.ateneo.edu
203790,Jaquan Hunter,jaquan.hunter@obf.ateneo.edu
205274,Rohan Delacruz,rohan.delacruz@obf.ateneo.edu
202245,Cadence Neal,cadence.neal@obf.ateneo.edu
205779,Tiana Washington,tiana.washington@obf.ateneo.edu
201014,Joe Hicks,joe.hicks@obf.ateneo.edu
202208,William Murray,william.murray@obf.ateneo.edu
206172,Zack Mahoney,zack.mahoney@obf.ateneo.edu
206359,Aimee Alvarado,aimee.alvarado@obf.ateneo.edu
205849,Harley Taylor,harley.taylor@obf.ateneo.edu
202679,Sophie Liu,sophie.liu@obf.ateneo.edu
205501,Daniella Beltran,daniella.beltran@obf.ateneo.edu
203128,Mercedes Rocha,mercedes.rocha@obf.ateneo.edu
205937,Dominique Howard,dominique.howard@obf.ateneo.edu
207658,Terrance Key,terrance.key@obf.ateneo.edu
202617,Cassie Cordova,cassie.cordova@obf.ateneo.edu
201640,Allyson Knapp,allyson.knapp@obf.ateneo.edu
204935,Keenan Swanson,keenan.swanson@obf.ateneo.edu
202127,Salvador Mccann,salvador.mccann@obf.ateneo.edu
206086,Elliot Hansen,elliot.hansen@obf.ateneo.edu
203033,Belen Murray,belen.murray@obf.ateneo.edu
206686,Darien Stephenson,darien.stephenson@obf.ateneo.edu
205094,Talon Mclaughlin,talon.mclaughlin@obf.ateneo.edu
204858,Arturo Dunlap,arturo.dunlap@obf.ateneo.edu
206037,Jaylin Zhang,jaylin.zhang@obf.ateneo.edu
204702,Priscilla Wagner,priscilla.wagner@obf.ateneo.edu
206639,Callum Friedman,callum.friedman@obf.ateneo.edu
202864,Preston Webster,preston.webster@obf.ateneo.edu
201411,Rodrigo Bates,rodrigo.bates@obf.ateneo.edu
209148,Darwin Pittman,darwin.pittman@obf.ateneo.edu
209112,Maleah Ruiz,maleah.ruiz@obf.ateneo.edu
201987,Deshawn Booth,deshawn.booth@obf.ateneo.edu
209239,Conrad Wyatt,conrad.wyatt@obf.ateneo.edu
206638,Kinley Sharp,kinley.sharp@obf.ateneo.edu
206720,Nina Edwards,nina.edwards@obf.ateneo.edu
206918,Melissa Hunt,melissa.hunt@obf.ateneo.edu
207727,Harrison Porter,harrison.porter@obf.ateneo.edu
207331,Celia Gomez,celia.gomez@obf.ateneo.edu
200554,Hugo Dickson,hugo.dickson@obf.ateneo.edu
207453,Carl Holt,carl.holt@obf.ateneo.edu
200131,Heath Baker,heath.baker@obf.ateneo.edu
204928,Kira Hanson,kira.hanson@obf.ateneo.edu
209291,Elianna Jordan,elianna.jordan@obf.ateneo.edu
207617,Amiya Ellison,amiya.ellison@obf.ateneo.edu
202757,Marin Clarke,marin.clarke@obf.ateneo.edu
208368,August Martinez,august.martinez@obf.ateneo.edu
208799,Carina Durham,carina.durham@obf.ateneo.edu
206116,Quinten Allen,quinten.allen@obf.ateneo.edu
203889,Hana Davila,hana.davila@obf.ateneo.edu
202441,Gerald Blackwell,gerald.blackwell@obf.ateneo.edu
206257,Roger Mckee,roger.mckee@obf.ateneo.edu
207590,Georgia Hinton,georgia.hinton@obf.ateneo.edu
203662,Bradley Solis,bradley.solis@obf.ateneo.edu
205137,River Harrison,river.harrison@obf.ateneo.edu
209246,Elisha Pierce,elisha.pierce@obf.ateneo.edu
205733,Greta Ferguson,greta.ferguson@obf.ateneo.edu
200402,Sophie Sosa,sophie.sosa@obf.ateneo.edu
200983,Celeste Castaneda,celeste.castaneda@obf.ateneo.edu
209401,Luca Fuller,luca.fuller@obf.ateneo.edu
200113,Linda Rowland,linda.rowland@obf.ateneo.edu
206013,Jaliyah Schmidt,jaliyah.schmidt@obf.ateneo.edu
205919,Finley Liu,finley.liu@obf.ateneo.edu
206616,Emmett Reynolds,emmett.reynolds@obf.ateneo.edu
203011,Zayne Ball,zayne.ball@obf.ateneo.edu
205950,Paisley Valencia,paisley.valencia@obf.ateneo.edu
207460,Marilyn Patel,marilyn.patel@obf.ateneo.edu
201489,Mareli Oneill,mareli.oneill@obf.ateneo.edu
200436,Haven Cuevas,haven.cuevas@obf.ateneo.edu
203485,Hadassah Perez,hadassah.perez@obf.ateneo.edu
201830,Autumn Horn,autumn.horn@obf.ateneo.edu
203669,Clarissa Rollins,clarissa.rollins@obf.ateneo.edu
207903,Trey Skinner,trey.skinner@obf.ateneo.edu
200092,Declan Osborn,declan.osborn@obf.ateneo.edu
201218,Alexia Miller,alexia.miller@obf.ateneo.edu
201709,Thaddeus Holt,thaddeus.holt@obf.ateneo.edu
207156,Kylan Stevenson,kylan.stevenson@obf.ateneo.edu
202511,Dania Stuart,dania.stuart@obf.ateneo.edu
208067,Cruz Skinner,cruz.skinner@obf.ateneo.edu
200943,Michelle Shah,michelle.shah@obf.ateneo.edu
201740,Jobe Ilagan,jobe.ilagan@obf.ateneo.edu
