id_number,name,obf_email
202114,Enrique Santos,enrique.santos@obf.ateneo.edu
204966,Brice Dyer,brice.dyer@obf.ateneo.edu
203383,Jorden Livingston,jorden.livingston@obf.ateneo.edu
206810,Mariana Atkins,mariana.atkins@obf.ateneo.edu
202259,Zackary Mills,zackary.mills@obf.ateneo.edu
203875,Hannah Cross,hannah.cross@obf.ateneo.edu
207330,Tristian Petersen,tristian.petersen@obf.ateneo.edu
206693,Jazlene Travis,jazlene.travis@obf.ateneo.edu
207172,Sherlyn Wheeler,sherlyn.wheeler@obf.ateneo.edu
200745,Conrad Trevino,conrad.trevino@obf.ateneo.edu
206792,Carter Gomez,carter.gomez@obf.ateneo.edu
203210,Dexter Bryant,dexter.bryant@obf.ateneo.edu
206908,Trent Graham,trent.graham@obf.ateneo.edu
201552,Omar Mcconnell,omar.mcconnell@obf.ateneo.edu
200940,Malcolm Christian,malcolm.christian@obf.ateneo.edu
203997,Javier Gonzalez,javier.gonzalez@obf.ateneo.edu
204949,Ace Thompson,ace.thompson@obf.ateneo.edu
205542,Marin Mcpherson,marin.mcpherson@obf.ateneo.edu
208135,Howard Montoya,howard.montoya@obf.ateneo.edu
202482,Alan Wells,alan.wells@obf.ateneo.edu
201267,Marilyn Liu,marilyn.liu@obf.ateneo.edu
207662,Ronan Willis,ronan.willis@obf.ateneo.edu
201548,Baylee Kim,baylee.kim@obf.ateneo.edu
207236,Jasmine Fisher,jasmine.fisher@obf.ateneo.edu
203967,Braylon Dudley,braylon.dudley@obf.ateneo.edu
206290,Cade Wu,cade.wu@obf.ateneo.edu
206741,Ariana Ball,ariana.ball@obf.ateneo.edu
206456,Bria Hood,bria.hood@obf.ateneo.edu
204763,Johanna Carr,johanna.carr@obf.ateneo.edu
204130,Denise Bryan,denise.bryan@obf.ateneo.edu
207171,Kristina Knapp,kristina.knapp@obf.ateneo.edu
202696,Katherine Fitzpatrick,katherine.fitzpatrick@obf.ateneo.edu
202713,Maya Page,maya.page@obf.ateneo.edu
200643,Abraham Fernandez,abraham.fernandez@obf.ateneo.edu
209075,Averie Carrillo,averie.carrillo@obf.ateneo.edu
202151,Kiley Pollard,kiley.pollard@obf.ateneo.edu
207767,Mitchell Rivas,mitchell.rivas@obf.ateneo.edu
208399,Rebekah Lozano,rebekah.lozano@obf.ateneo.edu
205050,Myles Ford,myles.ford@obf.ateneo.edu
209038,Brynlee Carter,brynlee.carter@obf.ateneo.edu
202623,Esperanza Shelton,esperanza.shelton@obf.ateneo.edu
206283,Bryanna Wilkins,bryanna.wilkins@obf.ateneo.edu
207018,Yamilet Clayton,yamilet.clayton@obf.ateneo.edu
204736,Jon Harvey,jon.harvey@obf.ateneo.edu
207286,Bridger Floyd,bridger.floyd@obf.ateneo.edu
207514,Braelyn Simpson,braelyn.simpson@obf.ateneo.edu
205580,Nataly Salinas,nataly.salinas@obf.ateneo.edu
203304,Marquis Shannon,marquis.shannon@obf.ateneo.edu
208297,Darwin Hill,darwin.hill@obf.ateneo.edu
207806,Jazmin Frost,jazmin.frost@obf.ateneo.edu
205274,Rohan Delacruz,rohan.delacruz@obf.ateneo.edu
202245,Cadence Neal,cadence.neal@obf.ateneo.edu
202108,Tyshawn Mayo,tyshawn.mayo@obf.ateneo.edu
202679,Sophie Liu,sophie.liu@obf.ateneo.edu
205501,Daniella Beltran,daniella.beltran@obf.ateneo.edu
203720,Alayna Schroeder,alayna.schroeder@obf.ateneo.edu
202343,Emmett Kennedy,emmett.kennedy@obf.ateneo.edu
207591,Kieran Brooks,kieran.brooks@obf.ateneo.edu
206757,Deshawn Rose,deshawn.rose@obf.ateneo.edu
207658,Terrance Key,terrance.key@obf.ateneo.edu
209822,Araceli Howe,araceli.howe@obf.ateneo.edu
209748,Glenn Norton,glenn.norton@obf.ateneo.edu
206827,Madilyn Stephens,madilyn.stephens@obf.ateneo.edu
206941,Saul Lewis,saul.lewis@obf.ateneo.edu
207417,Zara Walls,zara.walls@obf.ateneo.edu
203208,London Stokes,london.stokes@obf.ateneo.edu
209933,Nayeli Hoffman,nayeli.hoffman@obf.ateneo.edu
205094,Talon Mclaughlin,talon.mclaughlin@obf.ateneo.edu
206117,Pierce Meyers,pierce.meyers@obf.ateneo.edu
206639,Callum Friedman,callum.friedman@obf.ateneo.edu
207584,Amaya Martinez,amaya.martinez@obf.ateneo.edu
201987,Deshawn Booth,deshawn.booth@obf.ateneo.edu
207727,Harrison Porter,harrison.porter@obf.ateneo.edu
207453,Carl Holt,carl.holt@obf.ateneo.edu
204783,Emilie Cohen,emilie.cohen@obf.ateneo.edu
208375,Lucia Stone,lucia.stone@obf.ateneo.edu
200593,Rishi Williams,rishi.williams@obf.ateneo.edu
206107,Giada Willis,giada.willis@obf.ateneo.edu
206108,Nickolas Weaver,nickolas.weaver@obf.ateneo.edu
208652,Emiliano Mills,emiliano.mills@obf.ateneo.edu
200323,Houston Fisher,houston.fisher@obf.ateneo.edu
202273,Juliet Dougherty,juliet.dougherty@obf.ateneo.edu
206897,Luis Hunter,luis.hunter@obf.ateneo.edu
202441,Gerald Blackwell,gerald.blackwell@obf.ateneo.edu
202752,Hannah Villegas,hannah.villegas@obf.ateneo.edu
201391,Zoie Hale,zoie.hale@obf.ateneo.edu
208352,Pedro Harding,pedro.harding@obf.ateneo.edu
204190,Gary Green,gary.green@obf.ateneo.edu
204248,Kaylen Contreras,kaylen.contreras@obf.ateneo.edu
202684,Jenna Montoya,jenna.montoya@obf.ateneo.edu
209401,Luca Fuller,luca.fuller@obf.ateneo.edu
205950,Paisley Valencia,paisley.valencia@obf.ateneo.edu
206851,Danielle Meadows,danielle.meadows@obf.ateneo.edu
201489,Mareli Oneill,mareli.oneill@obf.ateneo.edu
207903,Trey Skinner,trey.skinner@obf.ateneo.edu
201218,Alexia Miller,alexia.miller@obf.ateneo.edu
201840,Theresa Acevedo,theresa.acevedo@obf.ateneo.edu
207596,Branden Gardner,branden.gardner@obf.ateneo.edu
205497,Raquel Wyatt,raquel.wyatt@obf.ateneo.edu
